Treads,App,Time,TimeCT,Energy,CO2eq,travelled
2,histo,182.182770,0:03:02,0.0124,1.7584,0.0164
4,histo,704.962402,0:11:45,0.0489,6.9261,0.0644
6,histo,995.655884,0:16:36,0.0707,10.0272,0.0933
8,histo,1433.755249,0:23:54,0.1030,14.6090,0.1359
10,histo,1453.689819,0:24:14,0.1067,15.1326,0.1408
12,histo,1726.480957,0:28:47,0.1276,18.0856,0.1682
14,histo,1694.567383,0:28:15,0.1270,18.0075,0.1675
16,histo,NaN,NaN,NaN,NaN,NaN