Treads,App,Time,TimeCT,Energy,CO2eq,travelled
2,PO,252.08330,0:04:12,0.0085,4.0701,0.0379
4,PO,132.85014,0:02:13,0.0048,2.3073,0.0215
6,PO,93.49230,0:01:34,0.0035,1.6913,0.0157
8,PO,77.22978,0:01:17,0.0030,1.4455,0.0134
10,PO,69.10076,0:01:09,0.0028,1.3287,0.0124
12,PO,64.05473,0:01:04,0.0026,1.2551,0.0117
14,PO,NaN,0:00:00,0.0000,0.0000,0.0000
16,PO,NaN,0:00:00,0.0000,0.0000,0.0000
18,PO,NaN,0:00:00,0.0000,0.0000,0.0000
20,PO,NaN,0:00:00,0.0000,0.0000,0.0000
22,PO,NaN,0:00:00,0.0000,0.0000,0.0000
24,PO,NaN,0:00:00,0.0000,0.0000,0.0000
26,PO,NaN,0:00:00,0.0000,0.0000,0.0000
28,PO,NaN,0:00:00,0.0000,0.0000,0.0000
30,PO,NaN,0:00:00,0.0000,0.0000,0.0000
32,PO,NaN,0:00:00,0.0000,0.0000,0.0000
34,PO,NaN,0:00:00,0.0000,0.0000,0.0000
36,PO,NaN,0:00:00,0.0000,0.0000,0.0000
38,PO,NaN,0:00:00,0.0000,0.0000,0.0000
40,PO,NaN,0:00:00,0.0000,0.0000,0.0000
42,PO,NaN,0:00:00,0.0000,0.0000,0.0000
44,PO,NaN,0:00:00,0.0000,0.0000,0.0000
46,PO,NaN,0:00:00,0.0000,0.0000,0.0000
48,PO,NaN,0:00:00,0.0000,0.0000,0.0000
50,PO,NaN,0:00:00,0.0000,0.0000,0.0000
52,PO,NaN,0:00:00,0.0000,0.0000,0.0000
54,PO,NaN,0:00:00,0.0000,0.0000,0.0000
56,PO,NaN,0:00:00,0.0000,0.0000,0.0000
58,PO,NaN,0:00:00,0.0000,0.0000,0.0000
60,PO,NaN,0:00:00,0.0000,0.0000,0.0000
62,PO,NaN,0:00:00,0.0000,0.0000,0.0000
64,PO,NaN,0:00:00,0.0000,0.0000,0.0000
66,PO,NaN,0:00:00,0.0000,0.0000,0.0000
68,PO,NaN,0:00:00,0.0000,0.0000,0.0000
70,PO,NaN,0:00:00,0.0000,0.0000,0.0000
72,PO,NaN,0:00:00,0.0000,0.0000,0.0000
74,PO,NaN,0:00:00,0.0000,0.0000,0.0000
76,PO,NaN,0:00:00,0.0000,0.0000,0.0000
78,PO,NaN,0:00:00,0.0000,0.0000,0.0000
80,PO,NaN,0:00:00,0.0000,0.0000,0.0000
82,PO,NaN,0:00:00,0.0000,0.0000,0.0000
84,PO,NaN,0:00:00,0.0000,0.0000,0.0000
86,PO,NaN,0:00:00,0.0000,0.0000,0.0000
88,PO,NaN,0:00:00,0.0000,0.0000,0.0000